{
  "proxies": {},
  "last_refill": 1783521664.4751484,
  "saved_at": 1783521664.4756763
}